{
        "inputOutputMetrics":{
           "dataRead":4.19140625,
           "dataWritten":0.0,
           "flushOperationsRate":36641.6015625,
           "flushTime":1.7703499794006348,
           "processID":1,
           "readOperationsRate":12,
           "readTime":0.0,
           "writeOperationsRate":0,
           "writeTime":0.0
        },
        "memoryMetrics":{
           "memoryActive":3827.28515625,
           "memoryCached":2592.3515625,
           "memoryInactive":1873.5625,
           "memoryIoRate":0.1484380066394806,
           "memoryReadRate":0.0,
           "memoryUsed":15970.83984375,
           "memoryWriteRate":0.1484380066394806,
           "pageActivateRate":0.0,
           "pageDeactivateRate":0.0,
           "pageFaultRate":15.0,
           "pageFaultsMajorRate":0.0,
           "pageFreeRate":10.0,
           "pageInRate":0.0,
           "pageOutRate":0.0,
           "swapCached":103.5625,
           "swapUsed":675.99609375
        },
        "networkMetrics":{
           "receivePacketRate":4.239999771118164,
           "receivedData":2482772,
           "sendPacketsRate":3.130000114440918,
           "sentData":1737884
        },
        "nodeTimestamp":"0806-1256",
        "powerMetrics":{
           "gpuPower":5.900000095367432,
           "gpuPowerHours":1,
           "memoryPower":0.44999998807907104,
           "processorPower":0.9399999976158142,
           "systemPower":12.029999732971191
        },
        "processorMetrics":{
           "cacheL2Misses":5044226,
           "cacheL2Requests":5565325,
           "cacheLLCLoadMissRate":9.214672088623047,
           "cacheLLCLoadMisses":60856,
           "cacheLLCLoads":660425,
           "cacheLLCStoreMissRate":17.29819107055664,
           "cacheLLCStoreMisses":93678,
           "cacheLLCStores":541548,
           "cycles":1092462,
           "frequencyRelative":0.550000011920929,
           "instructionsRetired":942877,
           "timeGuest":0,
           "timeIRQ":0,
           "timeIdle":51457079,
           "timeIoWait":22126,
           "timeNice":2709,
           "timeSoftIRQ":8387,
           "timeSteal":0,
           "timeSystem":68569,
           "timeUser":118921,
           "unhaltedFrequency":0.550000011920929
        },
        "systemMetrics":{
           "contextSwitchRate":65,
           "interruptRate":19,
           "processesAll":1023,
           "processesBlocked":0,
           "processesRunning":6
        }
     }{
        "inputOutputMetrics":{
           "dataRead":4.19140625,
           "dataWritten":0.0,
           "flushOperationsRate":36641.6015625,
           "flushTime":1.7703700065612793,
           "processID":1,
           "readOperationsRate":12,
           "readTime":0.0,
           "writeOperationsRate":0,
           "writeTime":0.0
        },
        "memoryMetrics":{
           "memoryActive":3824.984375,
           "memoryCached":2592.3515625,
           "memoryInactive":1873.55078125,
           "memoryIoRate":0.0,
           "memoryReadRate":0.0,
           "memoryUsed":15970.83984375,
           "memoryWriteRate":0.0,
           "pageActivateRate":0.0,
           "pageDeactivateRate":0.0,
           "pageFaultRate":1121.0,
           "pageFaultsMajorRate":0.0,
           "pageFreeRate":944.0,
           "pageInRate":0.0,
           "pageOutRate":0.0,
           "swapCached":103.5625,
           "swapUsed":675.99609375
        },
        "networkMetrics":{
           "receivePacketRate":3.8399999141693115,
           "receivedData":2482993,
           "sendPacketsRate":3.0299999713897705,
           "sentData":1738041
        },
        "nodeTimestamp":"0806-1256",
        "powerMetrics":{
           "gpuPower":5.800000190734863,
           "gpuPowerHours":1,
           "memoryPower":0.44999998807907104,
           "processorPower":0.9100000262260437,
           "systemPower":12.0
        },
        "processorMetrics":{
           "cacheL2Misses":5197346,
           "cacheL2Requests":6005487,
           "cacheLLCLoadMissRate":12.90282154083252,
           "cacheLLCLoadMisses":82420,
           "cacheLLCLoads":638775,
           "cacheLLCStoreMissRate":18.77505111694336,
           "cacheLLCStoreMisses":98082,
           "cacheLLCStores":522406,
           "cycles":1018825,
           "frequencyRelative":0.8199999928474426,
           "instructionsRetired":895068,
           "timeGuest":0,
           "timeIRQ":0,
           "timeIdle":51462060,
           "timeIoWait":22126,
           "timeNice":2709,
           "timeSoftIRQ":8395,
           "timeSteal":0,
           "timeSystem":68593,
           "timeUser":118938,
           "unhaltedFrequency":0.8199999928474426
        },
        "systemMetrics":{
           "contextSwitchRate":65,
           "interruptRate":19,
           "processesAll":1021,
           "processesBlocked":0,
           "processesRunning":2
        }
     }{
        "inputOutputMetrics":{
           "dataRead":4.19140625,
           "dataWritten":0.0,
           "flushOperationsRate":36641.6015625,
           "flushTime":1.7703700065612793,
           "processID":1,
           "readOperationsRate":12,
           "readTime":0.0,
           "writeOperationsRate":0,
           "writeTime":0.0
        },
        "memoryMetrics":{
           "memoryActive":3825.046875,
           "memoryCached":2592.3515625,
           "memoryInactive":1873.55078125,
           "memoryIoRate":0.0,
           "memoryReadRate":0.0,
           "memoryUsed":15970.83984375,
           "memoryWriteRate":0.0,
           "pageActivateRate":0.0,
           "pageDeactivateRate":0.0,
           "pageFaultRate":15.0,
           "pageFaultsMajorRate":0.0,
           "pageFreeRate":8.0,
           "pageInRate":0.0,
           "pageOutRate":0.0,
           "swapCached":103.5625,
           "swapUsed":675.99609375
        },
        "networkMetrics":{
           "receivePacketRate":1.2799999713897705,
           "receivedData":2483186,
           "sendPacketsRate":1.1299999952316284,
           "sentData":1738182
        },
        "nodeTimestamp":"0806-1256",
        "powerMetrics":{
           "gpuPower":5.800000190734863,
           "gpuPowerHours":1,
           "memoryPower":0.44999998807907104,
           "processorPower":0.9300000071525574,
           "systemPower":12.020000457763672
        },
        "processorMetrics":{
           "cacheL2Misses":5659708,
           "cacheL2Requests":6708940,
           "cacheLLCLoadMissRate":12.01835823059082,
           "cacheLLCLoadMisses":101234,
           "cacheLLCLoads":842328,
           "cacheLLCStoreMissRate":13.841497421264648,
           "cacheLLCStoreMisses":98477,
           "cacheLLCStores":711462,
           "cycles":1008129,
           "frequencyRelative":1.2699999809265137,
           "instructionsRetired":904526,
           "timeGuest":0,
           "timeIRQ":0,
           "timeIdle":51467063,
           "timeIoWait":22126,
           "timeNice":2709,
           "timeSoftIRQ":8404,
           "timeSteal":0,
           "timeSystem":68615,
           "timeUser":118957,
           "unhaltedFrequency":1.2699999809265137
        },
        "systemMetrics":{
           "contextSwitchRate":65,
           "interruptRate":19,
           "processesAll":1021,
           "processesBlocked":0,
           "processesRunning":2
        }
     }{
        "inputOutputMetrics":{
           "dataRead":4.19140625,
           "dataWritten":0.0,
           "flushOperationsRate":36641.6015625,
           "flushTime":1.7703700065612793,
           "processID":1,
           "readOperationsRate":12,
           "readTime":0.0,
           "writeOperationsRate":0,
           "writeTime":0.0
        },
        "memoryMetrics":{
           "memoryActive":3825.03515625,
           "memoryCached":2592.3515625,
           "memoryInactive":1873.55078125,
           "memoryIoRate":0.2265619933605194,
           "memoryReadRate":0.0,
           "memoryUsed":15970.83984375,