{
   "inputOutputMetrics":{
      "dataRead":4.19140625,
      "dataWritten":0.0,
      "flushOperationsRate":36935.69921875,
      "flushTime":1.7726999521255493,
      "processID":1,
      "readOperationsRate":12,
      "readTime":0.0,
      "writeOperationsRate":0,
      "writeTime":0.0
   },
   "memoryMetrics":{
      "memoryActive":3825.19140625,
      "memoryCached":2592.4921875,
      "memoryInactive":1873.37109375,
      "memoryIoRate":0.0,
      "memoryReadRate":0.0,
      "memoryUsed":15970.83984375,
      "memoryWriteRate":0.0,
      "pageActivateRate":0.0,
      "pageDeactivateRate":0.0,
      "pageFaultRate":4.0,
      "pageFaultsMajorRate":0.0,
      "pageFreeRate":30.0,
      "pageInRate":0.0,
      "pageOutRate":0.0,
      "swapCached":103.5625,
      "swapUsed":675.99609375
   },
   "networkMetrics":{
      "receivePacketRate":3.190000057220459,
      "receivedData":2501035,
      "sendPacketsRate":2.509999990463257,
      "sentData":1751454
   },
   "nodeTimestamp":"0806-1305",
   "powerMetrics":{
      "gpuPower":5.610000133514404,
      "gpuPowerHours":1,
      "memoryPower":0.44999998807907104,
      "processorPower":0.9200000166893005,
      "systemPower":12.010000228881836
   },
   "processorMetrics":{
      "cacheL2Misses":5208714,
      "cacheL2Requests":6666717,
      "cacheLLCLoadMissRate":10.814546585083008,
      "cacheLLCLoadMisses":69865,
      "cacheLLCLoads":646028,
      "cacheLLCStoreMissRate":20.025392532348633,
      "cacheLLCStoreMisses":105679,
      "cacheLLCStores":527725,
      "cycles":1011171,
      "frequencyRelative":1.2699999809265137,
      "instructionsRetired":922823,
      "timeGuest":0,
      "timeIRQ":0,
      "timeIdle":51869406,
      "timeIoWait":22155,
      "timeNice":2709,
      "timeSoftIRQ":8460,
      "timeSteal":0,
      "timeSystem":69056,
      "timeUser":119867,
      "unhaltedFrequency":1.2699999809265137
   },
   "systemMetrics":{
      "contextSwitchRate":65,
      "interruptRate":19,
      "processesAll":1016,
      "processesBlocked":0,
      "processesRunning":2
   }
}{
   "inputOutputMetrics":{
      "dataRead":4.19140625,
      "dataWritten":0.0,
      "flushOperationsRate":36935.69921875,
      "flushTime":1.7726999521255493,
      "processID":1,
      "readOperationsRate":12,
      "readTime":0.0,
      "writeOperationsRate":0,
      "writeTime":0.0
   },
   "memoryMetrics":{
      "memoryActive":3825.73046875,
      "memoryCached":2592.4921875,
      "memoryInactive":1873.3671875,
      "memoryIoRate":0.0,
      "memoryReadRate":0.0,
      "memoryUsed":15970.83984375,
      "memoryWriteRate":0.0,
      "pageActivateRate":0.0,
      "pageDeactivateRate":0.0,
      "pageFaultRate":5.0,
      "pageFaultsMajorRate":0.0,
      "pageFreeRate":8.0,
      "pageInRate":0.0,
      "pageOutRate":0.0,
      "swapCached":103.5625,
      "swapUsed":675.99609375
   },
   "networkMetrics":{
      "receivePacketRate":3.0899999141693115,
      "receivedData":2501246,
      "sendPacketsRate":2.5299999713897705,
      "sentData":1751615
   },
   "nodeTimestamp":"0806-1305",
   "powerMetrics":{
      "gpuPower":5.710000038146973,
      "gpuPowerHours":1,
      "memoryPower":0.44999998807907104,
      "processorPower":0.9300000071525574,
      "systemPower":12.020000457763672
   },
   "processorMetrics":{
      "cacheL2Misses":5310569,
      "cacheL2Requests":6296091,
      "cacheLLCLoadMissRate":10.055747985839844,
      "cacheLLCLoadMisses":64918,
      "cacheLLCLoads":645581,
      "cacheLLCStoreMissRate":18.527305603027344,
      "cacheLLCStoreMisses":96923,
      "cacheLLCStores":523136,
      "cycles":1025672,
      "frequencyRelative":0.5,
      "instructionsRetired":919670,
      "timeGuest":0,
      "timeIRQ":0,
      "timeIdle":51874418,
      "timeIoWait":22156,
      "timeNice":2709,
      "timeSoftIRQ":8470,
      "timeSteal":0,
      "timeSystem":69080,
      "timeUser":119883,
      "unhaltedFrequency":0.5
   },
   "systemMetrics":{
      "contextSwitchRate":65,
      "interruptRate":19,
      "processesAll":1016,
      "processesBlocked":0,
      "processesRunning":2
   }
}{
   "inputOutputMetrics":{
      "dataRead":4.19140625,
      "dataWritten":0.0,
      "flushOperationsRate":36935.69921875,
      "flushTime":1.7726999521255493,
      "processID":1,
      "readOperationsRate":12,
      "readTime":0.0,
      "writeOperationsRate":0,
      "writeTime":0.0
   },
   "memoryMetrics":{
      "memoryActive":3825.078125,
      "memoryCached":2592.4921875,
      "memoryInactive":1873.3671875,
      "memoryIoRate":0.0546875,
      "memoryReadRate":0.0,
      "memoryUsed":15970.83984375,
      "memoryWriteRate":0.0546875,
      "pageActivateRate":0.0,
      "pageDeactivateRate":0.0,
      "pageFaultRate":16.0,
      "pageFaultsMajorRate":0.0,
      "pageFreeRate":7.0,
      "pageInRate":0.0,
      "pageOutRate":0.0,
      "swapCached":103.5625,
      "swapUsed":675.99609375
   },
   "networkMetrics":{
      "receivePacketRate":4.059999942779541,
      "receivedData":2501449,
      "sendPacketsRate":3.130000114440918,
      "sentData":1751772
   },
   "nodeTimestamp":"0806-1305",
   "powerMetrics":{
      "gpuPower":5.710000038146973,
      "gpuPowerHours":1,
      "memoryPower":0.44999998807907104,
      "processorPower":0.9200000166893005,
      "systemPower":12.020000457763672
   },
   "processorMetrics":{
      "cacheL2Misses":5311065,
      "cacheL2Requests":6431554,
      "cacheLLCLoadMissRate":8.442272186279297,
      "cacheLLCLoadMisses":55926,
      "cacheLLCLoads":662452,
      "cacheLLCStoreMissRate":17.490400314331055,
      "cacheLLCStoreMisses":92141,
      "cacheLLCStores":526809,
      "cycles":1033936,
      "frequencyRelative":0.5099999904632568,
      "instructionsRetired":922829,
      "timeGuest":0,
      "timeIRQ":0,
      "timeIdle":51879425,
      "timeIoWait":22156,
      "timeNice":2709,
      "timeSoftIRQ":8478,
      "timeSteal":0,
      "timeSystem":69109,
      "timeUser":119896,
      "unhaltedFrequency":0.5099999904632568
   },
   "systemMetrics":{
      "contextSwitchRate":65,
      "interruptRate":19,
      "processesAll":1016,
      "processesBlocked":0,
      "processesRunning":2
   }
}{
   "inputOutputMetrics":{
      "dataRead":4.19140625,
      "dataWritten":0.0,
      "flushOperationsRate":36935.69921875,
      "flushTime":1.7727099657058716,
      "processID":1,
      "readOperationsRate":12,
      "readTime":0.0,
      "writeOperationsRate":0,
      "writeTime":0.0
   },
   "memoryMetrics":{
      "memoryActive":3825.078125,
      "memoryCached":2592.4921875,
      "memoryInactive":1873.3671875,
      "memoryIoRate":0.0546875,
      "memoryReadRate":0.0,
      "memoryUsed":15970.83984375,
      "memoryWriteRate":0.0546875,
      "pageActivateRate":0.0,
      "pageDeactivateRate":0.0,
      "pageFaultRate":15.0,
      "pageFaultsMajorRate":0.0,
      "pageFreeRate":8.0,
      "pageInRate":0.0,
      "pageOutRate":0.0,
      "swapCached":103.5625,
      "swapUsed":675.99609375
   },
   "networkMetrics":{
      "receivePacketRate":1.4600000381469727,
      "receivedData":2501668,
      "sendPacketsRate":1.3300000429153442,
      "sentData":1751945
   },
   "nodeTimestamp":"0806-1305",
   "powerMetrics":{
      "gpuPower":5.800000190734863,
      "gpuPowerHours":1,
      "memoryPower":0.44999998807907104,
      "processorPower":0.9200000166893005,
      "systemPower":11.989999771118164
   },
   "processorMetrics":{
      "cacheL2Misses":5392994,
      "cacheL2Requests":7330314,
      "cacheLLCLoadMissRate":8.833212852478027,
      "cacheLLCLoadMisses":62027,
      "cacheLLCLoads":702202,
      "cacheLLCStoreMissRate":16.716445922851563,
      "cacheLLCStoreMisses":94362,
      "cacheLLCStores":564486,
      "cycles":1038672,
      "frequencyRelative":0.550000011920929,
      "instructionsRetired":924491,
      "timeGuest":0,
      "timeIRQ":0,
      "timeIdle":51884394,
      "timeIoWait":22156,
      "timeNice":2709,
      "timeSoftIRQ":8485,